<xml xmlns:o="urn:schemas-microsoft-com:office:office">
 <o:MainFile HRef="../GAT%20vR1%20manual.html"/>
 <o:File HRef="themedata.thmx"/>
 <o:File HRef="colorschememapping.xml"/>
 <o:File HRef="image001.jpg"/>
 <o:File HRef="image002.jpg"/>
 <o:File HRef="image003.png"/>
 <o:File HRef="image004.jpg"/>
 <o:File HRef="image005.png"/>
 <o:File HRef="image006.jpg"/>
 <o:File HRef="image007.png"/>
 <o:File HRef="image008.png"/>
 <o:File HRef="image009.png"/>
 <o:File HRef="image010.jpg"/>
 <o:File HRef="image011.jpg"/>
 <o:File HRef="image012.png"/>
 <o:File HRef="image013.jpg"/>
 <o:File HRef="image014.jpg"/>
 <o:File HRef="image015.png"/>
 <o:File HRef="image016.png"/>
 <o:File HRef="image017.png"/>
 <o:File HRef="image018.png"/>
 <o:File HRef="image019.png"/>
 <o:File HRef="image020.jpg"/>
 <o:File HRef="image021.jpg"/>
 <o:File HRef="image022.png"/>
 <o:File HRef="image023.png"/>
 <o:File HRef="image024.jpg"/>
 <o:File HRef="image025.jpg"/>
 <o:File HRef="image026.jpg"/>
 <o:File HRef="image027.png"/>
 <o:File HRef="image028.jpg"/>
 <o:File HRef="image029.jpg"/>
 <o:File HRef="image030.jpg"/>
 <o:File HRef="image031.png"/>
 <o:File HRef="image032.jpg"/>
 <o:File HRef="image033.png"/>
 <o:File HRef="header.html"/>
 <o:File HRef="image034.png"/>
 <o:File HRef="filelist.xml"/>
</xml>